lemmatize_data,translate_data,sentimen
ridwan kamil ya jakarta pengaturan saja isinya,"ridwan kamil, yes, jakarta, just the content of the arrangement",Netral
nomor satu pakai catatan,number one use notes,Netral
ridwan kamil manis banget mengasih uang mengasih uang tertawa,ridwan kamil is very sweet giving money giving money laughing,Positif
pasangan calon satu terbaik,best candidate pair,Positif
menyimak janji politik nomor satu anies berkhayal,listening to political promise number one anies daydreaming,Netral
pasangan calon satu oligarki pasangan calon dua mandiri pasangan calon tiga partai penguasa,candidate pair one oligarchy candidate pair two independent candidate pair three ruling party,Netral
ridwan kamil cocok,ridwan kamil is suitable,Positif
ridwan kamil menang,ridwan kamil wins,Positif
nomor satu haus jabatan,number one thirsts for position,Netral
ridwan kamil suswono terbaik,ridwan kamil suswono the best,Positif
satu buka kertas dua coblos tiga lipat,one open paper two marks three folds,Netral
coblos nomor satu menarik mantap jakarta bersinergi mendunia tuan kamil arsitek kelas dunia,vote number one interesting steady jakarta synergizes globally mr. kamil world class architect,Positif
ridwan kamil eks gubernur jawa barat pulang pasangan pramono rano karno,"ridwan kamil, former governor of west java, returns home with pramono rano karno's partner",Netral
nomor satu terbaik,number one best,Positif
doel ridwan rusak sayangnya semangatnya rusak,doel ridwan is damaged unfortunately his spirit is damaged,Negatif
ridwan kamil cocok benahi jakarta,ridwan kamil is suitable to fix jakarta,Positif
nomor tiga pramono doel menang satu putaran,number three pramono doel wins one round,Positif
tuan kamil bahasa lugas simple,mr. kamil simple straightforward language,Positif
politisi amerika pepatah kampanye satu eksekusi the pemerintahan kemenangan the pemilihan kampanye halal sertifikat halal kementerian agama politisi indonesia dosen universitas indonesia jurusan filsafat rocky gerung mengoceh tv one acara indonesia lawyers club juta warga jakarté dungu,american politician proverb campaign one execution the government victory the election campaign halal halal certificate ministry of religion indonesian politician lecturer university of indonesia philosophy department rocky gerung rambling tv one indonesian program lawyers club million jakarta citizens stupid,Negatif
ridwan kamil jenius santri insinyur gentle menang,"ridwan kamil, a genius, a gentle engineer, wins",Positif
nomor satu,number one,Netral
satu rukun warga satu miliar satu juta menang logika rumit pilih nomor tiga,one citizen unit one billion one million wins complicated logic choose number three,Negatif
doel doel si doel si doel bodoh ridwan kamil kesepuluh gubernur doel,doel doel si doel si doel fool ridwan kamil tenth governor of doel,Netral
pilih salah satu saja pramono rano karno dharma kun,just choose one pramono rano karno dharma kun,Netral
kamil mimpi kali ya pasangan calon nomor dua menang,kamil dreams that candidate pair number two will win,Positif
gagasan visi misi bagus pasangan rido pilih nomor satu,"good vision and mission idea, rido couple choose number one",Positif
nomor urut tiga preman pasar pakaiannya cari muka model debat resmi sopan menggoda pendukung persatuan sepak bola indonesia jakarta,serial number three thugs market clothes looking for face model debate official polite teasing supporters of the indonesian football association jakarta,Netral
debat kamil paranoid dharma,kamil paranoid dharma debate,Netral
rakyat jakarta pilih ridwan kamil penghina jakarta jawa barat saja gagal total,"jakarta people choose ridwan kamil, the insulter of jakarta, west java, it's a total failure",Negatif
ayo ridwan kamil gubernur jakarta,"come on ridwan kamil, governor of jakarta",Netral
work from home mendukung nomor satu saja tertawa,work from home support number one just laugh,Positif
calon gubernur nomor urut dua kerja mengomong nya saja berbelok-belok cerdas nomor urut satu tiga,"gubernatorial candidate number two works, his speech is always convoluted, smart, number one three",Positif
ranah sejenis orang jaga badan mudanya tampan banget satu juta persen berbeda ridwan kamil pandai urus badan awet muda,"the realm of a kind of person who maintains his youthful body is very handsome, one million percent different, ridwan kamil is good at maintaining a youthful body",Positif
ridwan kamil menang,ridwan kamil wins,Positif
satu tiga calon partai politik identik perebutan kekuasaan perebutan tongkat kekuasaan terlepas jatuh dua mengambilnya mudah bawa garis menyelesaikan,one three candidates identical political parties struggle for power struggle for the baton of power slipped away fell two take it easy bring the line finish,Positif
ridwan kamil teks,ridwan kamil text,Netral
pilih satu pengalaman pimpinan daerah,select one regional leadership experience,Netral
mata nya ridwan kamil menutup kanan dibandingkan kiri beliau sakit memperhatikan debat,"ridwan kamil's eyes are closed, right compared to left, he is sick of paying attention to the debate",Negatif
alumni institut teknologi bandung fan berat anies coblos tiga pilih darmakun poin realistis sistem prioritas mengutamakan adab,"bandung institute of technology alumni are big fans of anies, vote three, choose dharmakun, realistic points, priority system prioritizes manners",Positif
ketiga calon ya nomor satu daerah khusus ibukota,the third candidate is number one for the special capital region,Positif
program-programan omong kosong badan penyelenggara jaminan sosial tenaga kerja namanya program jaminan tua program jaminan kehilangan kerja pekerja sakit klaim perusahaan menunggak bayar salah satunya perusahaan milik pendiri salah satu partai pendukung ridwan kamil nama media latar debat tertibkan program bicara program,"nonsense programs of the social security agency for workers, its name is the old age security program, the job loss security program, sick workers, claims from companies in arrears, one of which is a company owned by the founder of one of the parties supporting ridwan kamil, media name, background of the debate, organize the program, talk program",Negatif
satu terstruktur semoga rido pemimpin jakarta terpercaya bermanfaat warga jakarta,one structured hopefully the blessing of the trusted jakarta leader will be useful for jakarta residents,Positif
warga jakarta pilih nomor satu saja,jakarta residents choose number one only,Netral
dharma bagus kun grogi canggung suswono keyakinan sifat pramono lama-lama ya mahfud ganjar debat pemilihan presiden berasal partai politik ya,dharma bagus kun nervous awkward suswono confidence pramono's character it takes a long time mahfud ganjar the presidential election debate comes from political parties,Negatif
calon gubernur nomor dua unik kesempatan satu tiga layaknya politisi indonesia kemana,gubernatorial candidate number two unique opportunity one three like indonesian politicians where,Positif
ridwan suswono bagus nomor satu saja,"ridwan suswono is good, number one only",Positif
satu tiga bagus program2nya,one three good programs,Positif
fiks ridwan kamil menang,fix ridwan kamil wins,Positif
ridwan kamil mobil bebas malam kelurahan malam senin dijamin sepi pengunjungnya malam senin kebanyakan orang tidur cepat besoknya senin super sibuk,ridwan kamil free car night kelurahan monday night guaranteed quiet monday night most people go to sleep early the next day monday super busy,Positif
ridwan kamil salah COVID-19 darmakun,ridwan kamil wrong covid-19 darmakun,Negatif
tolong calon dua tiga debatnya lihat jejak rekam satu memimpin jawa barat,"please, candidates two or three in the debate, look at the track record of one leading west java",Netral
ridwan kamil,ridwan kamil,Netral
salut semangat dharma pongrekun salah satu warga terbaik bangsa fasilitas terbatas mandiri wajar saja kekurangan dibandingkan pasangan calon semangat sesuai makna terdalam pancasila kota aman beradab terpercaya terdalam bangsa semoga dharma pongrekun menduduki posisi pemerintahan menjaga bangsa indonesia serangan kekuatan asing program internet mandiri kartu membuka lap pekerjaan pendidikan kesehatan mandiri campur tangan kekuatan asing,salute the spirit of dharma pongrekun one of the best citizens of the nation limited facilities independent it is natural that there are shortcomings compared to candidate pairs enthusiasm according to the deepest meaning of pancasila safe civilized city trusted deepest nation hopefully dharma pongrekun will occupy a government position protecting the indonesian nation foreign power attacks independent internet program card opening lap jobs education health independent foreign power interference,Positif
pasangan calon satu kampanyenya berhubungan uang terpukau rakyat pihak-pihak memegang uangnya alirannya sasaran-sasarannya membuka peluang korupsi penghargaan pemerintah rukun warga rukun tetangga digaji sekian butuh pemimpin benar-benar peduli adil benar-benar konsentrasi kekurangan-kekurangan jakarta ruang lingkup sumber daya manusia akumulasi rakyatnya kemakmuran uangnya membuka lapangan pekerjaan ciptakan inovasi lapangan pekerjaan bermanfaat,candidate pair one campaign related to money fascinated the people parties hold the money its flow its targets open up opportunities for corruption government awards neighborhood associations paid so much need a leader who really cares fair really concentrates jakarta's shortcomings scope of human resources accumulation of its people prosperity its money opens up job opportunities create innovation useful job opportunities,Positif
calon gubernur nomor urut satu mengurus jawa barat merata kesejahteraan nya bereskan jawa barat,"gubernatorial candidate number one takes care of west java, spreads prosperity evenly, sorts out west java",Netral
ridwan kamil domisili bandung,ridwan kamil lives in bandung,Netral
ridwan kamil,ridwan kamil,Netral
suswono banget lemah lambat lambat coba belajar suswono panggung,"suswono is very weak, slowly try to learn, suswono is on stage",Negatif
rido menang,rido wins,Positif
warga jakarta logika ridwan kamil mengatasi macet sungai jalan lintasi sungai omong-omong pendangkalan banjir sampah kali sungai saja terselesaikan logika,jakarta residents logic ridwan kamil overcomes river traffic jams road across the river by the way shallowing flooding garbage river can be solved logic,Netral
visi misi tiga membaca bagus pasangan rido visi misi langsung diutarakan teks pasangan dua menyambung debatnya adab adab saja dibahas sasaran didebatkan rido the terbaik,vision mission three read good rido couple vision mission directly expressed text couple two continue their debate manners manners only discussed targets debated rido the best,Positif
parah satu tiga mengurusi jakarta mengurusi partainya,serious one three taking care of jakarta taking care of his party,Negatif
partai abang pilih partainya sangkut paut partai sekuat ridwan kamil bantu rakyat saja partai hati hati tuan anies dua intinya kesalahan berpolitik partai saja omong kosong lihat orangnya lihat kemampuannya jakarta maju individu abang the terbaik jokowi pindahkan ibukota,party brother choose the party related to the party as strong as ridwan kamil just help the people party be careful mr anies two the point is the mistake of politics party is just nonsense look at the person look at his ability jakarta advance individual brother the best jokowi move the capital,Positif
rido cerdas menyelesaikan jakarta solusi jakarta global rasional,rido smart solve jakarta solution jakarta global rational,Positif
rido the terbaik the gubernur daerah khusus ibukota jakarta,rido the best the governor of the special capital region of jakarta,Positif
warga jakarta lahir jakarta jujur kerja cari kawan mengasih info lowongan pekerjaan giliran kerja potong pajak negara jujur orang mencari uang orang kaya,jakarta residents born in jakarta honest work looking for friends giving job vacancy information shift work cut tax country honest people looking for money rich people,Positif
juru bicara satu kader partai solidaritas indonesia pilih pemimpin alangkah baiknya memilih berpengalaman jejak recordnya partai solidaritas indonesia memilih ketua partainya kaesang pengalaman partai politik,"spokesperson for a cadre of the indonesian solidarity party, it would be better to choose a leader with experience in his track record, the indonesian solidarity party chooses its party leader, kaesang, experience in political parties",Positif
satupun pilih,none choose,Netral
berhasil dilantik ridwan kamil siswono pokoknya mantap,"successfully inaugurated ridwan kamil siswono, it's really solid",Positif
garis satu inovatif kreatif kepentingan rakyat mendasar sisa pasangan titik target terbesar menjabat terkesan mengikuti suka bandingkan jawa barat jakarta buka mata segi luas wilayah saja berbeda anggarannya intinya ridwan kamil layak memimpin wilayah kondisi geologis otoritas jakarta layaknya wali kota,line one innovative creative basic people's interests remaining pair biggest target point serving impressed following like compare west java jakarta open eyes in terms of area only budget is different in essence ridwan kamil is worthy of leading the region geological conditions authority jakarta like mayor,Positif
pasangan calon dua boneka rezim memenangkan ridwan kamil,candidate pair of two regime puppets wins ridwan kamil,Positif
jawa barat macetnya tuntas tertawa ridwan kamil mimpi basah,west java traffic jam is over laughing ridwan kamil wet dream,Negatif
pilih dua jalur mandiri salah satu visi utamanya menjadikan jakarta zona aman pandemi indonesia semoga jakarta intervensi partai politik muak partai tuan maling,"choose two independent paths, one of the main visions is to make jakarta a safe zone for the indonesian pandemic, hopefully jakarta will intervene with political parties, fed up with the party, the master thief",Positif
juru bicara nomor satu sombong,number one arrogant spokesperson,Netral
nomor satu saja,number one only,Netral
satu realistis bingung apa-apa,one realistic confused nothing,Negatif
abang ridwan najis tertawa,ridwan's unclean brother laughs,Netral
nomor dua bagus canggung grogi berpikir-pikir aslinya nya ditambah satu dua ahli berpengalaman menarik intinya,number two good awkward nervous thinking the original plus one or two experienced experts interesting the point,Positif
bandung sibuk,bandung is busy,Positif
lihat muka sih suswono saja muak,just looking at suswono's face makes me sick,Negatif
jawa barat gubernur nya tinggal bandung saja kota kotor banget sistem nya jalan wali kota orang gubernur minimal kota nya tertata kaya kota-kota jawa rapi-rapi,"west java, the governor is only bandung, the city is very dirty, the system is run by the mayor who is the governor, at least the city is organized like the neat cities in java",Negatif
ridwan kamil janji sekolah gratis negeri swasta janjinya berkobar pencitraan ridwan kamil gubernur jawa barat sekolah lanjutan tingkat mayoritas bayar uang sekolah warga daerah khusus jakarta ridwan kamil janji pencitraan warga bandung,"ridwan kamil promises free public and private schools, his promise is blazing, image building, ridwan kamil, governor of west java, secondary schools, the majority pay school fees, residents of the special region of jakarta, ridwan kamil promises image building, residents of bandung",Positif
ridwan kamil omong saja,ridwan kamil just talk,Netral
menggaet suara generasi saja satu omong-omong arah dana-dana solusi-solusi pekerjaan pengembangannya anggaran-anggaran dana butuhkan jatuhnya omong-omong tertawa,attracting the voice of the generation just one by the way direction of funds solutions development work budgets funds need fall by the way laugh,Positif
orang bogor puas kinerja ridwan kamil gubernur jawa barat silakan pilih daerah khusus ibukota ridwan kamil gubernur gagal,"bogor people are satisfied with the performance of ridwan kamil, the governor of west java, please choose the special capital region, ridwan kamil, the governor failed",Positif
warga jawa barat mustahil memuaskan warganya gubernur nya,west java residents find it impossible to satisfy their governor,Negatif
dua tiga hormat satu ajak,two three respect one invite,Netral
satu,one,Netral
giliran debat laksanakan maksimal ridwan kamil mantap gigi nya partai demokrasi indonesia perjuangan lepas pengecut sih doel ha ha,debate turn do your best ridwan kamil steady his teeth the indonesian democratic party struggle free coward huh doel ha ha,Positif
menarik mantan gubernur jawa barat hidup rido,interesting former governor of west java lives rido,Positif
ridwan kamil suswono juara satu,ridwan kamil suswono won first place,Positif
rido oke programnya bagus-bagus,rido okay the program is good,Positif
satu menang partai berpesta pora pengawasan pilih calon partai demokrasi indonesia perjuangan,one win party party supervision choose candidate party democracy indonesia struggle,Positif
debat debat bermutu dua pasangan calon satu tiga partai partai mandiri janji palsu,debate quality debate two pairs of candidates one three parties independent party false promises,Negatif
tuan kamil cerdas lancar teks,mr. kamil is smart and fluent in text,Positif
jakarta ridwan kamil,jakarta ridwan kamil,Netral
mengapai ridwan kamil jakarta,why ridwan kamil jakarta,Netral
tiongkok yaman bandung saja jakarta,china yemen bandung jakarta only,Netral
sih kun sih ridwan kamil,"oh my gosh, ridwan kamil",Netral
satu tiga boneka jokowi suka vaksin,one three jokowi dolls like vaccines,Netral
ridwan kamil mengapai melarang orang selatan barat berkunjung mal pusat tertawa,ridwan kamil why ban south west people from visiting central mall laughing,Netral
ridwan kamil kobayakawa hideaki dharma pangrekun li naomasa pramono anung todo takatora,ridwan kamil kobayakawa hideaki dharma pangrekun li naomasa pramono anung todo takatora,Netral
ridwan kamil muda berprestasi suswono terpercaya islami,"ridwan kamil, a young achiever, suswono, a trusted islamic figure",Positif
nomor urut tiga usung partai nasionalis sambutan nya menyapa kaum minoritas ayo warga jakarta sia sia-sia kesempatan mendukung ridwan kamil kompeten sejuta pengalaman figur santun berwibawa,"number three carries the nationalist party, his speech greets the minorities, come on jakarta residents, the opportunity to support ridwan kamil is wasted, competent, has a million experiences, a polite and authoritative figure",Positif
satu,one,Netral
jakarta mania anti ridwan kamil jakarta tolak ridwan kamil,jakarta mania anti ridwan kamil jakarta rejects ridwan kamil,Netral
the jakarta mania berkenan ridwan kamil gubernur,the jakarta mania pleases ridwan kamil as governor,Netral
menarik mantap nomor satu ridwan kamil pasangan rido konsep,attractive steady number one ridwan kamil couple rido concept,Positif
jakarta dipimpin ridwan kamil pengendalian otomatis hilang radar kotak hitamnya ditemukan samudera hindia tenggelam persis mh370,jakarta led by ridwan kamil automatic control lost radar black box found in indian ocean sank exactly mh370,Positif
transportasi nomor satu realistis,realistic number one transportation,Positif
ridwan kamil berpengalaman banget jawaban-jawabannya berkualitas santai,ridwan kamil is very experienced and his answers are of a relaxed quality,Positif
menjual hubungan istana tertawa rido rido kelakar antek rezim oligarki,selling palace relationship laughing rido rido jokes lackeys oligarchic regime,Netral
prediksi tiga dua dua satu satu tiga meleset prediksi lampu berhenti,prediction three two two one one three missed stop light prediction,Positif
peringatan darurat pemilihan kepala daerah bersatu melawan penguasa lalim melawan mencegah menghambat mengurangi menghentikan berkembangnya meluasnya kekuatan penguasa lalim bentuknya koalisi indonesia maju perluasan pemilihan kepala daerah koalisi indonesia maju koalisi indonesia maju partai gerakan indonesia raya partai golongan karya partai demokrat perserikatan bangsa-bangsa partai gelora indonesia partai solidaritas indonesia garuda perluasan partai nasional demokrat partai kebangkitan bangsa partai keadilan sejahtera partai persatuan pembangunan partai persatuan indonesia partai buruh lawan penguasa lalim koalisi indonesia maju tambahannya pemilihan kepala daerah serentak suara lawan musuh koalisi indonesia maju perluasan lawan musuh koalisi indonesia maju perluasan partai demokrasi indonesia perjuangan pertahankan konstitusi keputusan nomor pengajuan undang-undang xxii pengajuan undang-undang xxii dewan perwakilan rakyat partai demokrasi indonesia perjuangan fraksi partai dewan perwakilan rakyat setuju revisi rancangan undang-undang pemilihan kepala daerah fraksi partai partai demokrasi indonesia perjuangan setuju revisi rancangan undang-undang pemilihan kepala daerah suara pasangan calon kepala wakil gubernur wali kota bupati koalisinya partai demokrasi indonesia perjuangan pemilihan kepala daerah serentak satu satunya mengimbangi kekuatan politik koalisi indonesia maju perluasan penguasa lalim jakarta menyala indonesia menyala merdeka freedom merdeka sebarkan berita seluas luasnya,emergency warning regional head elections united against tyrants against prevent inhibit reduce stop the development of the expansion of the power of tyrants its form coalition of advanced indonesia expansion regional head elections coalition of advanced indonesia coalition of advanced indonesia great indonesia movement party functional group party democratic party united nations gelora indonesia party indonesia solidarity party garuda expansion national democratic party national awakening party justice and prosperity party united development party indonesia labor party against tyrants coalition of advanced indonesia addition simultaneous regional head elections vote against enemy coalition of advanced indonesia expansion fight against enemy coalition of advanced indonesia expansion democratic indonesia party struggle defend the constitution decision number submission of law xxii submission of law xxii people's representative council of indonesia democratic party struggle party faction of people's representative council agree revision of draft law on regional head elections vote of candidate pairs head deputy governor mayor regent coalition its party of indonesia democratic struggle simultaneous regional head elections the only one balancing political power coalition of advanced indonesia expansion tyrants jakarta lights up indonesia lights up independence freedom independence spread the news as widely as possible,Positif
bismillah nomor satu,bismillah number one,Netral
balai latihan kerja ditambah tiga satu peminat ruang terbatas tambahlah ruang kelas balai latihan kerja blk disamping balai latihan kerja batu loncatan menunggu panggilan kerja,job training center plus three one limited space enthusiasts add classrooms job training center blk next to job training center stepping stone waiting for job call,Negatif
ridwan kamil layak,ridwan kamil deserves it,Netral
nomor tiga tipu gratis ketawa ridwan kamil pemenang nya ketawa tertawa,number three free trick laugh ridwan kamil the winner is laugh laugh,Positif
satu menarik jakarta,one interesting jakarta,Positif
rido tiada tanding prestasinya orangnya santun cerdas tenang,"rido is unmatched in his achievements, he is polite, intelligent, calm",Positif
satu the terbaik sabar tenang berpengalaman,one of the best patient calm experienced,Positif
pengguna media sosial dibayar dua satu orang akun komentar suka akun rido realistis cerdas ahli tata kota,social media users get paid two one person account comment like account rido realistic intelligent urban planning expert,Positif
saudara satu orang akun satu orang saudara butuh modal zaman ponsel pintar email hp saja puluhan ratusan,brother one person account one person brother need capital in the era of smart phones email cellphones only tens hundreds,Positif
dua tiga berbusa omong layak dipilih jakarta butuh sosok ridwan kamil suswono wujudkan jakarta tertata berwarna segudang pengalamannya wawasan teruji terbukti sukses memimpin daerah bersih korupsi agamis presiden terpilih prabowo subianto memudahkan dukungan anggaran pusat membangun jakarta terbaik ridwan kamil suswono dibutuhkan bangun jakarta,"two three foaming talk worthy of being elected jakarta needs the figure of ridwan kamil suswono to realize a jakarta that is orderly and colorful with a wealth of experience, proven insight, proven successful in leading a region that is clean from corruption, religious, president-elect prabowo subianto, facilitates central budget support to build the best jakarta, ridwan kamil suswono is needed to build jakarta",Positif
menarik rido pilih nomor satu,draw rido choose number one,Netral
pilih pemimpin agama islam saja satu mendukung,choose only one islamic religious leader to support,Netral
rawon lemes,soft rawon,Positif
pramono doel mewakili rakyat jakarta rawon menghina jakarta,pramono doel represents the people of jakarta rawon insults jakarta,Netral
nyoblos ketiganya saja kasih peluang satu,just vote for all three and you'll get one chance,Netral
satu,one,Netral
komentar anomali ya data survei elektabilitas satu unggul sekian banyaknya komentar minim pendukung satu lembaga survei permainan,anomalous comments yes electability survey data one is superior so many comments minimal supporters one survey institution game,Positif
memilih tuan kamil siswono orangnya sabar menerima aspirasi rakyatnya orangnya sederhana,"choose mr. kamil siswono, he is a patient person who accepts the aspirations of his people, he is a simple person",Netral
debat lihat tuan ridwan kamil berpotensi banget memajukan kota jakarta,debate see sir ridwan kamil has great potential to advance the city of jakarta,Positif
ridwan kamil bagus omong omong saja,ridwan kamil is good at just talking,Positif
satu anteknya dinasti mulyono fufufafa,one of the lackeys of the mulyono dynasty fufufafa,Netral
puas lihat debat perdana panas santun menghargai menjatuhkan mengisi hebat pasangan calon satu dua tiga,"satisfied to see the first debate, hot, polite, respectful, dropping, filling, great, candidate pair one, two, three",Positif
ridwan kamil mantap kawan,"ridwan kamil, great friend",Positif
satu tiga pelayan sutradara berpihak rakyat rakyat tumbal,one three servants director side with the people people sacrifice,Netral
menarik substansi nomor satu kuncinya uang uang nomor dua kebanyakan teori konspirasi nomor tiga normatif substansi efek jokowi ya pramono nya berniat rakyat poin² menjanjikan omong kosong memilih coblos,interesting substance number one the key is money money number two most conspiracy theories number three normative substance effect jokowi yes pramono his intention people points2 promises nonsense choose vote,Positif
tahi kucing jawa barat saja sekolah sekolah menengah kejuruan masuk juta bohong ridwan kamil,west java cat shit only vocational high school admission million lies ridwan kamil,Positif
ridwan tenang beban jawa barat saja berantakan,"ridwan is calm, west java's burden is a mess",Positif
nomor satu membahas dana tertawa rukun warga mahal mahal banget,number one discusses the community laugh fund is very expensive,Negatif
nomor satu membahas dana rukun warga tertawa,number one discusses neighborhood funds laughing,Netral
mudah mudahan ridwan kamil menang,hopefully ridwan kamil wins,Positif
orang jambi salut saja tuan ridwan kamil orangnya tenang ceroboh emosi satu dua tiga,"jambi people just salute mr. ridwan kamil, he is a calm person, careless, emotional one, two, three",Negatif
satu tiga progam biaya taukah arahnya,one three cost program do you know the direction,Netral
ridwan kamil iya,ridwan kamil yes,Netral
pasangan calon nomor dua mandiri kalah pasangan calon nomor satu pasangan calon nomor dua menghargai hormat pasangan calon nomor tiga kesimpulan debat perdana debat pengaruh pasangan calon nomor tiga mempuni gubernur jakarta,candidate pair number two independently loses candidate pair number one candidate pair number two respects candidate pair number three conclusion of the first debate debate influence candidate pair number three has the governor of jakarta,Negatif
nomor satu perencanaan nomor dua realistis nomor tiga mengalir saja sih tanggap,number one planning number two realistic number three just flow responsive,Positif
ketiganya rekam jejak rakyat daerah sih ridwan kamil suka menjelekkan warga jakarta tinggikan ridwan kamil dibanding jakarta mania parah dua rekam jejak apa-apa rakyat daerah,"the third is the track record of the local people, ridwan kamil likes to badmouth the people of jakarta, elevate ridwan kamil compared to jakarta mania, the second is the track record of the local people, nothing.",Netral
ya cari saja rekam jejak jabatan rekam jejak kali pengguna media sosial dibayar cari iya pasangan calon satu dua tiga rekam jejak mengapai saja kegiatannya undang podcast-podcast cerna mereka-mereka rekam jejaknya,"yes, just look for the track record of the position, track record of times, social media users are paid to look for yes, candidate pairs one two three track records, just reach their activities, invite podcasts, digest them, their track records",Positif
menarik satu mencari-cari kesalahan menjatuhkan pilihan sulit mantap,interesting one looking for fault dropping tough choices steady,Positif
akses komisi pemilihan rezim mulyono mandiri partai berani pasangan calon satu tiga,access election commission regime mulyono independent party brave candidate pair one three,Positif
tiga tiga nya layak pimpin daerah khusus ibukota ridwan kamil suswono dharma kun pramono rano,"the three of them are worthy of leading the special capital region, ridwan kamil suswono, dharma kun pramono rano",Positif
tuan ridwan kamil nya kondisi kebutuhan jakarta jakarta butuh pemimpin tuan kamil bismillah hak tuan,"mr. ridwan kamil, the condition of jakarta's needs, jakarta needs a leader, mr. kamil, bismillah, your right",Positif
suka hina-hina perilaku warga jakarta maksudnya utamakan ridwan kamil dibanding persatuan sepak bola indonesia jakarta mana-mana diusir,"likes to insult the behavior of jakarta residents, meaning he prioritizes ridwan kamil over the indonesian football association, jakarta is being expelled everywhere",Netral
ridwan kamil mantap,ridwan kamil is great,Positif
satu tiga satu kubu,one three one camp,Netral
badut menyambung jabarkan sesuai visi misinya menyambung debatnya tertawa,"clown continues to explain according to his vision and mission, continues his debate laughing",Netral
ridwan kambing mundur saja dikomentari pedas rakyat indonesia,ridwan kambing just stepped down after being commented on harshly by the indonesian people,Negatif
debat unggul nomor satu rido nilai nomor dua pramono nilai nomor tiga dharma kun nilai aspek lihat pengetahuan skill kemampuan mengatasi dilapangan,debate superior number one rido value number two pramono value number three dharma kun value aspect see knowledge skill ability to overcome in the field,Positif
tanggapan pramono rido kesulitan menyewa bang disabilitas,pramono rido's response to the difficulty of hiring a disabled person,Negatif
pramono rido daerah khusus jakarta kota global penyandang disabilitas jakarta jakarta maju inovasi berkeadilan memiliki hak disabilitas mendesain tata kota hak orang,pramono rido special region of jakarta global city people with disabilities jakarta advanced jakarta innovation with justice have disability rights designing city planning people's rights,Positif
tanggapan siswono kun desain musyawarah level rukun tetangga prioritas saja berkeadilan menarik,siswono kun's response to the design of the neighborhood level deliberation is a priority that is fair and interesting,Positif
tanggapan dharma kamil proporsionalnya ekonominya beda beda,dharma kamil's response is that the economic proportions are different,Positif
dharma rido mekanisme uang anggaran pendapatan belanja daerah rukun tetangga tim membina teori desentralisasi bali kota rukun tetangga rukun warga mobil bebas malam generasi saja diatur peraturan gubernur pembiayaan pelaksanaannya realistis,dharma rido mechanism of money budget revenue expenditure regional neighborhood association team fostering decentralization theory bali city neighborhood association citizens association car free night generation only regulated by governor's regulations financing implementation realistic,Positif
tanggapan pramono tanggapan rido ekonomi kreatif menjanjikan,pramono's response rido's response creative economy is promising,Positif
tanggapan rido modal cowok pemerintah daerah hadir ekonomi digital menarik banget,"rido's response to the regional government's capital guy is present, the digital economy is very interesting",Positif
ridwan pramono pemutusan hubungan kerja generasi saja gagasannya pramono dimana saja pemutusan hubungan kerja konsultasi generasi saja diarahkan ekonomi kreatif pertanyaanku peran daerah khusus jakarta,ridwan pramono termination of employment generation only pramono's idea anywhere termination of employment generation only consultation directed at creative economy my question role of special region of jakarta,Positif
ridwan dharma COVID-19 dharma teliti isu,ridwan dharma covid-19 dharma research issues,Netral
tanggapan siswono satu modal kewirausahaan dua gerakan anak muda tiga pelatihan magang realistis,siswono's response one entrepreneurial capital two youth movements three realistic internship training,Positif
siti zuhro ambil bola subtema ketahanan budaya huruf sih kun wardana ketahanan budaya betawi perkampungan budaya strategi lumayan budaya betawi punah kun wardana satu meningkatkan kesadaran membangun sekolah dasar dua sarana prasarana rukun tetangga tiga penggunaan gratis fasilitas dana abadi seniman kesejahteraan seniman pekerjaannya biayanya,siti zuhro takes the ball sub-theme cultural resilience letters sih kun wardana betawi cultural resilience cultural village strategy quite betawi culture is extinct kun wardana one increasing awareness building elementary schools two infrastructure neighborhood associations three free use of facilities artist endowment fund artist welfare their work costs,Positif
tanggapan siswono tanggapan terima kasih dukungan setuju,siswono's response response thank you support agree,Netral
tanggapan rano siswono tata kelola pemerintahan koordinasi pemerintah daerah pusat,"rano siswono's response to governance, coordination of central and regional governments",Netral
tanggapan kun suswono terkait tata kelola pemerintah koordinasi daerah khusus jakarta pusat efisiensi birokrasi transparansi digital setuju siswono,kun suswono's response regarding the governance of the central jakarta special regional coordination bureaucratic efficiency digital transparency agrees siswono,Positif
suswono kualitas udara tata kelola pemerintahan aduan langsung digital dana dikelola transparan menarik,suswono air quality governance governance direct complaints digital funds managed transparently attractive,Positif
debat ridwan menampak cerdas realistis,ridwan's debate looks intelligent and realistic,Positif
tanggapan rido sumber daya manusia satu rukun tetangga rukun warga kemandirian realistis,rido response human resources one neighborhood association citizens' association independence realistic,Positif
tuan kamil suswono,mr. kamil suswono,Netral
ridwan kamil berat lawan rano karno semoga ridwan kamil menang,"ridwan kamil is tough against rano karno, hopefully ridwan kamil will win",Positif
menang ridwan kamil,ridwan kamil wins,Positif
ridwan kamil membosankan sumpah seru lihat tuan pramono dharma,"ridwan kamil is boring, i swear it's exciting to see mr. pramono dharma",Negatif
satu tiga peluang korupsi sulit perubahan dua ideal sulit rakyat sadar,one three opportunities corruption difficult change two ideals difficult people aware,Negatif
visi misi baca teks hati bapak-bapak kecuali nomor satu sih terbaik,vision mission read the text of the hearts of the fathers except number one is the best,Positif
mengapai generasi saja mengurusi kopi-kopi nya mengurusi tertawa generasi saja kreatif pemikiran nya cari uang nafkah pengangguran masuk kualifikasi lowongan kerja batasan umur melamar kerja nya memikirkan pengangguran usia lowongan kerja indonesia batasan umur,why should a generation just take care of its coffee take care of laughter a generation just be creative in its thinking earn money living unemployed enter job vacancy qualification age limit apply for job think about unemployed age job vacancies indonesia age limit,Positif
ridwan kamil kreatif ide nya fungsi nya contoh sudah-sudah bandung cihampelas bikin jembatan orang berjualan atap jalan menghabiskan anggaran banget berfungsi bikin macet cihampelas ruang jalan kendaraan sempit,"ridwan kamil is creative, his idea is functional, for example, bandung cihampelas has built a bridge, people sell roofs on the road, it uses up a lot of budget, it functions to cause traffic jams, cihampelas, the road space for vehicles is narrow",Positif
menit satu jam menit sependapat nomor urut dua menilai poinnya masuk akal semoga terpercaya rakyat jakarta salam warga jakarta warga bekasi,"minute one hour minute agree number two thinks the point is reasonable hopefully trusted by the people of jakarta greetings from the people of jakarta, the people of bekasi",Positif
ridwan kamil satu iya,ridwan kamil one yes,Netral
warga jakarta pasangan calon mandiri memimpin jakarta alasannya satu milik warga milik partai dua kepentingan warga tiga amanah amanah penguasa partai politik kebijakannya pasangan calon mandiri satu langkah warga pasangan calon partai politik satu kaki diikat kepentingan partai,"jakarta residents, independent candidate pair lead jakarta, the reason is one, owned by the residents, owned by the party, two, the interests of the residents, three, the mandate, the mandate of the ruler, the political party, its policies, the independent candidate pair, one step, the residents, the candidate pair, the political party, one foot is tied to the interests of the party",Netral
mantap ridwan kamil,steady ridwan kamil,Positif
ridwan kamil realistis jakarta pilih ridwan kamil,ridwan kamil is realistic jakarta chooses ridwan kamil,Positif
indonesia butuh bersatu indonesia super kekuatan,"indonesia needs to unite, indonesia is a super power",Positif
warga jawa barat mendukung tiga,west java residents support three,Netral
ridwan kamil gagasan calon nomor tiga dharma kun tulus berani semoga nomor urut dua,"ridwan kamil, candidate number three, dharma kun, sincere, brave, hopefully number two",Positif
lucu nya umur segini dana rukun warga satu miliar halo dana pemilu presiden saja mengambil rukun tetangga tenda pakai gratis tenda masjid makan pakai membongkar lucu visi misi nomor satu rukun warga memilih nomor satu uang nya saja,"funny thing is that at this age, the community association fund is one billion, hello, the presidential election fund is just taking the neighborhood association tents for free, the mosque tents for food are used, dismantling it, funny, the vision and mission of number one, the community association chooses number one, just the money",Positif
gubernurnya ridwan kamil,the governor is ridwan kamil,Netral
dharma daerah khusus ibukota satu ayo warga daerah khusus ibukota mendukung dharma partai politik ayo dharma,dharma special capital region one come on residents of the special capital region support dharma political party come on dharma,Positif
partai bagus jas bagus tertawa sadar kagak sih partai boneka dihabiskan sehabis-habisnya sekelas gubernur halo negara jalur partai suka suka mandiri dipengaruhi partai presiden saja partai sekelas gubernur hidup bebas hawai politik sinetron terbaik tiga calon akur menang nomor satu sih,good party good suit laugh realize not that puppet party is exhausted completely governor class hello country party path like like independent influenced by party president only governor class party live freely hawaii politics best soap opera three candidates get along win number one,Positif
terkesan boros perspektif wacana ridwan kamil teh manis kopi ucapan nya teh manis gratis,seems wasteful perspective discourse ridwan kamil sweet tea coffee his words sweet tea free,Positif
tinggal barat kerja barat tinggal pusat kerja pusat kerja selatan kerja selatan ridwan mencalonkan daerah khusus ibukota ucapan mencerminkan,live west work west live work center work center south work south ridwan nominate special region capital city speech reflects,Positif
semoga menang ridwan kamil suswono,hopefully ridwan kamil suswono will win,Positif
jawa barat doa nomor dua semoga menang amin,"west java prayer number two, may you win, amen",Positif
calon eks daerah jawa barat gue cocok istri gue mengurus kartu tanda penduduk saja petugas kelurahannya menawari cepat bayar langsung kotoran,candidate for ex west java region i am suitable my wife just take care of the resident card the village officer offers to pay quickly straight away dirt,Positif
kompeten pengalaman ridwan nomor tiga partai demokrasi indonesia banget pengin tunjukkan anak kampung nomor dua jalur mandiri menang pilih dasar nya kepolisian,competent experience ridwan number three the indonesian democratic party really wants to show village children number two independent path wins choose the basis of the police,Positif
janjinya sempurna dipersiapkan retorika belaka jawa barat kabar,his promise was perfectly prepared mere rhetoric west java news,Positif
alhamdulillah angan-angan istri berkeliling jakarta jalan sungai jakarta zaman hindia belanda diwujudkan calon gubernur calon wakil gubernur nomor satu,"thank god, my wife's dream of traveling around jakarta, the jakarta river road during the dutch east indies era, was realized by the candidate for governor, candidate for deputy governor number one",Netral
ridwan kamil,ridwan kamil,Netral
diam mayoritas memperhatikan satu satu,silent majority pay attention to one by one,Netral
kaya serius dua pasangan satunya modal percaya tertawa,rich serious two couples one capital believe laugh,Positif
pemilihan gubernur acara langsung masyarakat daerah provinsi lihat calon pemimpin daerah beda pulang indonesia aturan daerah pengaruh daerah ajang dibandingkan apa-apa salah satu alat koreksi tolong narasi kerja media provinsi dipercaya menayangkan langsung debat gubernur,gubernatorial election live event regional community province see regional leader candidates different return indonesia regional rules regional influence event compared to what one of the correction tools please narrative work provincial media trusted to broadcast live gubernatorial debate,Positif
nomor satu the terbaik,number one the best,Positif
ridwan kamil mimpi indah santai merasakan betapa susahnya kehidupan sosok berani betapa susahnya hidup rakyat dharma kun berani berapi-api menolong warga jakarta tersingkirkan,"ridwan kamil, a beautiful dream, relaxed, feeling how difficult life is, a brave figure, how difficult life is for the people, dharma kun, brave and fiery, helping the people of jakarta who were pushed aside",Positif
ridwan kamil sih doel pilih genap sarah saja galau wakil gubernur daerah khusus ibukota,"ridwan kamil, do you choose an even number, sarah is confused about being the deputy governor of the special capital city region?",Negatif
nomor satu rido,number one rido,Netral
ridwan kamil menarik bicaranya,ridwan kamil withdrew his speech,Netral
ridwan kamil cocok jakarta,ridwan kamil is suitable for jakarta,Positif
nomor satu tiga drama kepintaran ujung-ujung nya menggoda,number one three drama intelligence ends in seduction,Netral
ridwan kamil tegang ya wajahnya,"ridwan kamil's face is tense, isn't it?",Negatif
gue penasaran berhasil mengatasi macet bandung mengatasi macet jakarta,"i'm curious to successfully overcome bandung's traffic jams, overcome jakarta's traffic jams",Positif
dharma bagus pengalaman ridwan awang-awang awang pramono rapi on poin silakan dipilih teman teman jakarta belas jakarta,dharma good experience ridwan awang-awang awang pramono neat on point please choose friends jakarta bela jakarta,Positif
ridwan kamil bahasa enak serap jiwa arogan memaparkan visi misi,"ridwan kamil, a pleasant language that absorbs arrogant souls, explains his vision and mission",Positif
arsitek pemimpin ridwan kamil kabur jakarta takut kalah tuan dedi mulyadi,architect leader ridwan kamil flees jakarta afraid of losing sir dedi mulyadi,Negatif
juta kali total rukun warga jakarta miliar triliun pemilihan wali kota bandung menjanjikan juta rukun warga beliau gubernur jawa barat total rp dikeluarkan rukun warga hati hati warga jakarta lagu aransemen ulang,million times total of jakarta residents' association billion trillion bandung mayoral election promises million residents' association he is the governor of west java total rp issued residents' association be careful jakarta residents song rearrangement,Negatif
pernyataan tuan kamil penutup bahaya mantan wali kota solo bagus hubungannya pemerintah pusat tertawa berbau orang pemerintah pusat meratakan pembangunan negeri jakarta saja,"mr. kamil's closing statement, the dangers of the former mayor of solo are good, the relationship between the central government and the central government is laughing, smelling like people, the central government is leveling the development of the country, jakarta is just",Positif
ridwan kamil berani mengeluarkan satu miliar rukun warga calon lawan satu miliar rukun warga kalah ridwan kamil,"ridwan kamil dares to issue one billion citizen's units, the opposing candidate's one billion citizen's units loses to ridwan kamil",Negatif
dharma kun jalur mandiri daerah khusus ibukota satu,dharma kun independent route special capital region one,Positif
pendapat pribadi dharma berbicara mimik muka ridwan kamil meremehkan ya dibumbui senyum sinis beda tuan pramono menghargai mendengarkan seksama penyampaian dharma kun beban retorika pramono rano memiliki visi misi menyatu ciri khas kebutuhan jakarta pasangan rido pandai beretorika sulit mewujudkan program kelas nya jejak rekam memimpin jawa barat,personal opinion dharma speaks facial expression ridwan kamil belittles yes spiced with a sarcastic smile different mr pramono appreciates listening carefully to dharma kun's delivery burden of rhetoric pramono rano has a unified vision and mission characteristic needs jakarta partner rido is good at rhetoric it is difficult to realize his class program track record of leading west java,Positif
objektif tuan kamil pramono abang doel saja bagus kandidat,mr kamil pramono's objective is that brother doel is a good candidate,Positif
tuan kamil call center menggantikan artificial intelligence zaman tuan tertawa tuna netra bagus staf call center call center ganti chat manusia chat diganti artificial intelligence jarang telepon pulsa zaman,"mr. kamil call center replaces artificial intelligence in the era of mr. laughing, blind, good call center staff, call center replaces human chat, chat is replaced by artificial intelligence, rarely calls, credit in the era of mr. kamil",Negatif
ridwan cocok,ridwan is suitable,Positif
ridwan kamil mencari kerja jakarta,ridwan kamil looking for work in jakarta,Netral
nomor satu adil partai koalisi nomor dua bawa semangat revolusi simbol perlawanan perubahan nomor tiga patuh kebijakan mega,number one fair coalition party number two bring the spirit of revolution symbol of resistance to change number three obey mega policies,Positif
satu tiga saja bosnya sih mulyono,"just one or three, boss mulyono",Netral
nomor satu adil gerung uang rakyatnya tertawa,number one fair people money people laugh,Positif
orang jawa barat perbatasan tanggerang selatan jalanan rusak perbaikan zaman ridwan kamil kaya gubernur kebanyakan gimik video klip dilan tertawa,"west java people, south tangerang border, damaged roads, repairs, ridwan kamil era, like most governors, gimmicks, video clips of dilan laughing",Positif
memantapkan warga jakarta menangkan tiga salam saudara negara kesatuan republik indonesia vietnam,to strengthen jakarta residents to win three brotherly greetings of the republic of indonesia to vietnam,Positif
komentar dukungan nomor dua tiga pemilihan kebanyakan nomor satu waspadalah,comments support number two three most votes number one beware,Positif
orang bekasi netral lihat kompeten satu tiga nomor dua jawabannya menyambung berasa podcast,bekasi people neutral see competent one three number two the answer continues feel podcast,Positif
gue ridwan kamil dharma cerdas pintar,"i am ridwan kamil dharma, intelligent and smart",Positif
pasangan calon satu pasangan calon tiga gaya debat gaya memuakkan mengumbar janji nihil bukti pasangan calon satu pasangan calon tiga petugas partai bagi-bagi hasil korupsi mengumbar janji lidah bertulang bandung saja tangan ridwan kamil kemajuan banten tangan rano karno melempem perubahan suka mengumbar janji partai membiayai,candidate pair one candidate pair three debate style disgusting style making promises with no evidence candidate pair one candidate pair three party officials sharing out corruption proceeds making promises tongue with bones bandung only ridwan kamil's hand progress banten rano karno's hand limp change likes to make promises party finances,Negatif
pasangan calon tiga seimbang calon gubernur satu inovatif kemampuan tuan kamil pramono ketat nomor dua membingungkan gaya ide prabowo matang argumen berbelit belit,"three candidate pairs are balanced, gubernatorial candidate one is innovative, mr. kamil pramono's ability is strict, number two is confusing, prabowo's style of ideas is mature, convoluted arguments",Positif
pasangan rido terbaik calon gubernur jakarta,rido's best pair of gubernatorial candidates for jakarta,Positif
urus jawa barat saja cekatan,"just take care of west java, be smart",Positif
rido the terbaik,rido the best,Positif
rido sih,i'm happy,Positif
calon nomor dua gugup pimpinan markas kepolisian republik indonesia pemimpin publik nomor satu terbaik ridwan kamil salam satu jari,candidate number two nervous leader of the republic of indonesia police headquarters best public leader number one ridwan kamil one finger salute,Positif
beraninya ridwan wakilnya baca pantun,"how dare ridwan, his deputy, read a pantun",Netral
amati hasil debat dua pasang calon gubernur gubernur satu pasang calon cari,"observe the results of the debate between two pairs of gubernatorial candidates, one pair ...",Netral
bandung saja mengatasi banjir beliau gubernur jawa barat pindah kawasan banjir,"bandung alone overcomes flooding, the governor of west java moves to a flood-prone area",Netral
pilih ridwan kamil taman kaya gubernur ruang terbuka publik hijau dijadikan lahan komersial jijik,choose ridwan kamil rich park governor green public open space turned into commercial land disgusting,Negatif
dharma menarik ridwan kamil,dharma attracts ridwan kamil,Netral
ridwan kamil jalan dharma pongrekun COVID-19 agenda elit global dirancang faktanya,ridwan kamil jalan dharma pongrekun covid-19 global elite agenda designed in fact,Netral
berkaca pemilihan presiden rekam jejak kepemimpinan jawa barat semoga warga jakarta betawi cerdas memilih terpesona rangkaian utarakan pasangan calon satu,"reflecting on the presidential election, the track record of west java's leadership, hopefully the people of jakarta and betawi will be smart in choosing, fascinated by the series of statements by the candidate pair, one",Positif
pilih rido,choose rido,Netral
lucu acara satu,funny event one,Positif
fiks satu jakarta the terbaik,fix one jakarta the best,Positif
solusi pasangan rido satu membebani negara subsidi tiga lengkap solusinya dua rakyat jakarta makmur sejahtera pilih satu,rido's couple solution one burdens the state with subsidies three complete solutions two prosperous jakarta people choose one,Positif
pramono rano daerah khusus ibukota satu daerah khusus ibukota dua,pramono rano special capital region one special capital region two,Positif
dana rukun warga dicairkan pelaku lurah camat ditangkap komisi pemberantas korupsi janji ridwan kamil diuji,"community association funds disbursed, perpetrators of sub-district head arrested by corruption eradication commission, ridwan kamil's promise tested",Netral
ridwan kamil masuk akal,ridwan kamil makes sense,Netral
bismillah warga daerah khusus ibukota asli sunda jawa barat memilih dharma kun beliau orang jujur berani petugas partai petugas rakyat,"bismillah, the residents of the special capital region of west java, the sundanese people of west java, chose dharma kun, he is an honest and brave person, a party official, a people's official",Positif
rido adem tenang senang lihatnya,rido cool calm happy to see it,Positif
satu koalisi gemuk rawan bagi-bagi kue mandiri saja tercekik partai dharma kun,one fat coalition is vulnerable to dividing up the independent cake and being strangled by the dharma kun party,Negatif
pasangan calon satu tiga terpilih beranikah melawan oligarki kebijakan merugikan rakyat diam takut uang terpilih boneka sutradara benar-benar pemimpin sejati pemimpin formal saja pemimpin sejati sutradara faktanya,candidate pair one three elected dare to fight oligarchy policies that harm the people are silent afraid of money elected puppet director is really a true leader formal leader only real leader director in fact,Negatif
rakyat jakarta cerdas tau pilihan pasangan calon satu tiga boneka sutradara sehebat apapun boneka sutradara berani melawan sutradara nyawa menghilang jakarta cerdas rakyat pilih pemimpin benar-benar takut tuhan membela rakyat membela uang membela oligarki cerdaslah jakarta disediakan pemimpin benar-benar membela rakyatnya,smart jakarta people know the choice of candidate pairs one three director dolls no matter how great the director dolls dare to fight the director lives disappear smart jakarta people choose a leader who is truly afraid of god defends the people defends money defends the oligarchy smart jakarta is provided with a leader who truly defends his people,Positif
nomor satu presiden terpilih apa-apa utamakan bantu tertawa lucu,number one president elect whatever prioritize help laugh funny,Positif
nomor satu kaya malam jual visi iming,number one rich night selling vision lure,Positif
tuan pramono abang doel bagus jawa barat kamil berubahnya signifikan mohon maaf,"mr. pramono, brother doel, is good, west java, kamil, the changes are significant, i apologize",Positif
nomor satu bagusnya gubernur selesai mengundurkan jawa barat selesai nomor dua berkorban idealis mandiri pernyataannya butuh mencerna seksama orang dengar pernyatannya pemikirannya patut coba beban partai wajar saja gugup awas mengikuti kaya nomor tiga bagus sosoknya gagasan bagus sayangnya pendukungnya sih takutnya perjalanan,number one it's good the governor has finished resigning west java is finished number two sacrifice idealist independent his statement needs to be digested carefully people listen to his statement his thinking is worth trying the burden of the party it's natural to be nervous be careful following rich number three good figure good ideas unfortunately his supporters are afraid of the journey,Positif
calon pemimpin suka berandai andai berkhayal tuan kamil tertawa indak jawa barat program selesai tuan ayo warga jakarta pilih calon pemimpin bijak lihat rekam jejaknya,"the prospective leader likes to imagine if he were imagining, mr. kamil laughed, west java, the program is finished, sir, come on, jakarta residents, choose a wise prospective leader, look at his track record",Positif
terkait gender melayang jawabannya ridwan kamil,related to gender floating the answer is ridwan kamil,Netral
maaf kamil orang jawa barat jawa barat menjabat dampak nya,"sorry kamil is a west javanese person, west java is in office, the impact is",Negatif
semoga nomor satu menang,hopefully number one wins,Positif
program nya satu lurah sejahtera,the program is one prosperous village head,Netral
nomor satu lancar jaya teks menyala,number one smooth running text lights up,Positif
ah mengkhayal pasangan rido orang-orang kerja selatan tinggal selatan kantornya barat,ah dreaming of a couple of people working south living south their office is west,Netral
ridwan kamil tamak kekuasaan,ridwan kamil is greedy for power,Netral
satu miliar satu rukun warga ya kaya orang indonesia saja korupsi,"one billion one citizen unit, yes, even indonesians are corrupt",Negatif
warga jawa barat ridwan kamil pengaruh gubernur bandingkan sih doel gubernur banten kemarin mengapai saja dibandingkan anies gubernur jakarta disamakan jawa barat banten luas dana dialihkan COVID-19 tiga kemarin diakui ridwan kamil urusan selesai anggaran jawa barat luasnya kali penduduk jakarta cuman satu total anggaran jakarta anies bagus ya anggarannya ditambah anggaran pendapatan belanja negara negara fair bandingkan ridwan kamil sih doel pengalaman gubernur urusan kota kabupaten ya protesnya wali kota bupati gubernur,west java residents ridwan kamil influence of the governor compare sih doel governor of banten yesterday why compared to anies governor of jakarta equated west java banten area funds diverted covid-19 three yesterday admitted ridwan kamil finished affairs west java budget area times jakarta population only one total jakarta budget anies good yes budget plus state revenue and expenditure budget fair compare ridwan kamil sih doel experience governor affairs city district yes protest mayor regent governor,Positif
ridwan kamil enak didengar,ridwan kamil is nice to hear,Positif
gubernur daerah khusus ibukota memfasiitasi warga satu balai warga kegiatan sanggar seni sanggar adat pernikahan lain-lain daerah padat rumah penduduknya memiliki kemampuan biaya acara pernikahan dua internet gratis jakarta wifi mendukung kegiatannya belajar mengajar tiga kegiatan edukasi mengelola limbah plastik nilai ekonomis terpenting meningkatkan kualitas masyarakat formal,the governor of the special capital region facilitates residents one community hall art studio activities traditional wedding studios others densely populated areas have the ability to pay for wedding events two free internet jakarta wifi supports teaching and learning activities three educational activities managing plastic waste the most important economic value is improving the quality of formal society,Positif
tolong prabowo ridwan kamil level mentri loh,"please, prabowo ridwan kamil, ministerial level, okay?",Positif
gue percaya ridwan kamil,i believe in ridwan kamil,Netral
warga jakarta logika ridwan kamil mengatasi macet sungai jalan lintasi sungai omong-omong pendangkalan banjir sampah kali sungai saja terselesaikan,"jakarta residents, ridwan kamil's logic in overcoming traffic jams, rivers, roads across rivers, by the way, shallowing of floods, garbage, rivers, can be resolved",Netral
ridwan kamil keren sih kesannya meremehkan jakarta rumit,"ridwan kamil is cool, he seems to underestimate the complexity of jakarta",Positif
kenyataannya gaji guru honor depok jawa barat dibayar dua juta upah minimum provinsi jawa barat mendekati angka juta guru kesejahteraannya menindas silakan survei,"in reality, the salary of honorary teachers in depok, west java is paid two million, the minimum wage for west java province is approaching the million mark, the welfare of teachers is oppressive, please do a survey",Netral
tema populasi pasangan calon satu dua menyambung banget kecuali pasangan calon tiga,the population theme of candidate pairs one and two are very connected except for candidate pair three,Positif
tempatku jampang surade jawa barat mempersulit kartu tanda penduduk cepat menyuap menyuap tiga minggu,my place jampang surade west java makes it difficult to get a resident card quickly bribe bribe three weeks,Negatif
pengalaman acara debat tuan kamil ketenangan kejelasan linguistiknya bagus ya ya,"mr. kamil's debate event experience, the calmness of the linguistic clarity is good, yes, yes",Positif
nomor satu partai satu gerbong banget melayani partai rakyat jakarta,number one party one carriage really serving the people's party of jakarta,Positif
persatuan sepak bola indonesia bandung masuk wilayah persatuan sepak bola indonesia jakarta,the indonesian football association bandung is part of the indonesian football association jakarta area,Netral
rido ketentuan allah subhanahu wa `` taala,please the provisions of allah subhanahu wa `` taala,Netral
calon gubernur nomor satu tiga visi misinya merakyat program elite,gubernatorial candidate number one three vision and mission is to reach the people elite program,Netral
darmakun daerah khusus ibukota satu,special capital region one,Positif
pasangan calon satu tiga amanah mulyono,candidate pair one three amanah mulyono,Netral
cerdas nomor satu jakarta butuh pemimpin cerdas,smart number one jakarta needs a smart leader,Positif
menang menang dipilih partai didukung keluarga mulyono geng ridwan kamil malas memilih,"win win chosen by the party supported by the mulyono family, ridwan kamil's gang, lazy to vote",Positif
nya ridwan kamil memimpin ketimbang nomor dua nomor tiga,ridwan kamil is leading rather than number two and number three,Netral
pramono doel oke kamil mengakui,pramono doel admits okay kamil admits,Positif
ridwan kamil terbaik,ridwan kamil is the best,Positif
pasangan calon satu tiga oke pasangan calon dua mengaco,candidate pair one three okay candidate pair two is confusing,Positif
pasangan calon nomor satu jawabannya normatif kadang diawang² susah direalisasikan,"candidate pair number one's answer is normative, sometimes it's surreal, but hard to realize",Negatif
nomor dua menampak kelinci percobaan koalisi indonesia maju ridwan kamil lawan kotak kosong memutuskan partai demokrasi indonesia perjuangan usung,number two appears guinea pig coalition indonesia forward ridwan kamil against empty box decides the party of indonesian democracy struggle to carry,Negatif
si doel mengena heran si doel saja dijadikan calon jakarta satu tuan pramono wakilnya saja,"si doel is surprised that si doel was made a candidate for jakarta satu, tuan pramono is his deputy",Positif
jakarta maju tangan ridwan kamil,"jakarta, move forward, ridwan kamil's hand",Netral
rido berlian realistis,realistic diamond rido,Positif
nomor satu boneka nomor tiga boneka,number one doll number three doll,Netral
nomor dua lawan satu terkesan melawan kotak kosong dua dimainkan perubahan tiga,number two against one impressed against empty box two played change three,Positif
ridwan kamil menawarkan uang terjebak ala makan siang gratis,ridwan kamil offers money trapped in a free lunch style,Positif
nomor satu prestasi penghargaan kekurangan gubernur jawa barat bismillah bagus,number one achievement award shortcomings governor of west java bismillah good,Positif
warga jawa barat mendukung nomor tiga,west java residents support number three,Netral
ridwan kamil the terbaik,ridwan kamil the best,Positif
nomor satu sejalan presiden terpilih nomor dua sejalan pasangan calon nomor tiga dinamakan politik perbedaan eksekutif legislatif yudikatif,"number one in line with the elected president number two in line with the candidate pair number three is called the politics of differences between the executive, legislative and judiciary",Netral
alhamdulillah jakarta ridwan kamil tuan dedi mulyadi gubernur jawa barat ahli mengomong saja ridwan kamil semenjak gubernur jawa barat sukabumi kagak maju pemutusan hubungan kerja pabrik sukabumi kaya gubernur,"thank god jakarta ridwan kamil, mr. dedi mulyadi, the governor of west java, is an expert at talking, ridwan kamil, since the governor of west java, sukabumi has not made any progress in terminating employment in sukabumi factories like the governor",Netral
sakit menusuk hidung stres ketakutan meninggal tergeletak jalan isolasi kakak gue percaya COVID-19 flu batuk cek positif gue masker satu rumah kakak gue gue tertular zaman COVID-19 gue sehat,"nose piercing pain, stress, fear of dying, lying on the road, isolation, my sister believes in covid-19, flu, cough, check is positive, i have a mask, one house, my sister, i got infected during covid-19, i'm healthy",Positif
nomor satu mantap,number one is great,Positif
penutupan pernyataan ridwan kamil provokatif maksudnya calon koalisi koalisi indonesia maju kesulitan transfer dana daerah kesetaraan hubungan pusat sialan politik indonesia,"closing of ridwan kamil's provocative statement, meaning the coalition candidate, the advanced indonesia coalition, difficulties in transferring regional funds, equality, relations with the center, damn indonesian politics",Positif
jawa barat khusus nya majalengka kartu tanda penduduk saja bayar,"west java, especially majalengka, just pay for your id card",Netral
calon wakil gubernur dua kebudayaan jawabannya bagus budaya tanamkan aminkan nomor satu nomor tiga,candidate for deputy governor two cultures good answer culture instill amen number one number three,Positif
satu pasangan rido,one couple of consent,Netral
apa-apa menjilat satu isinya oligarki boneka mulyono,whatever licking one of its contents oligarchy puppet mulyono,Netral
satu program2nya oke tinggal realisasinya terlaksana omong-omong,"one program is okay, just waiting for the implementation to be carried out, by the way",Positif
suswono lambat,suswono is slow,Negatif
prediksi urutan perolehan suara ridwan kamil satu pramono tiga dharma satu catat,prediction of the order of vote acquisition ridwan kamil one pramono three dharma one note,Netral
dana kampanye satu bayar survei,campaign fund one pay survey,Netral
kamil mengapai modal doktrin saja,kamil only reaches for doctrinal capital,Netral
nomor satu menyala,number one is on,Netral
orang jakarta suka debat ketiga pasangan calon visi misinya mudah dipahami ridwan kamil rido nomor dua maksudnya peradaban paham kaum generasi saja nomor tiga menekankan politik identitas,"jakarta people like to debate the three candidate pairs, their vision and mission are easy to understand, ridwan kamil rido, number two means civilization, understanding only the generation, number three emphasizes identity politics",Positif
bersaing debat anies sesuai debatnya ridwan kamil,compete in the debate between anies and ridwan kamil,Netral
love dharma pongrekun kun wardana semoga izin tuhan menang satu putaran gubernur daerah khusus jakarta jalur mandiri,love dharma pongrekun kun wardana hopefully god willing win one round of the governor of the special region of jakarta independent route,Positif
rido satu,one and only,Netral
satu tiga mengomong nya anggaran anggaran,one three talk about the budget,Netral
hiraukan warga jawa barat mendukung nomor satu tanda orang pilih pakai ridwan kamil pemilihan gubernur jawa barat periode periode,ignore the people of west java support number one sign people choose to use ridwan kamil for the west java gubernatorial election period period,Netral
ridwan kamil the terbaik,ridwan kamil the best,Positif
cerdas calon satu salam warga bengkulu,smart candidate one greeting bengkulu residents,Positif
ketiga calon pilihan kecuali pasangan calon nomor satu salam pakai ridwan kamil tercinta semoga terpilih izin rido allah amin,"the three chosen candidates except for candidate pair number one, greetings from beloved ridwan kamil, may you be chosen with the permission of allah, amen",Positif
lucu pasangan calon satu orang bandung paham kebutuhan kondisi jakarta pasangan calon dua kemarin skandal menimpa pasangan calon tiga mohon maaf petugas partai latar memimpin rano karno lihat banten perubahan signifikan pemilihan presiden kemarin bulat mendukung prabowo pendukung jokowi memilih ridwan kamil beliau koalisi koalisi indonesia maju tunggu batas lihat memegang jakarta memegang jakarta berdampak sepuluh juta warga jakarta juta warga jakarta bogor depok tangerang bekasi,funny candidate pair one person bandung understands the needs of jakarta conditions candidate pair two yesterday scandal hit candidate pair three apologize party officials background lead rano karno see banten significant changes yesterday's presidential election unanimously support prabowo supporters jokowi choose ridwan kamil he coalition coalition indonesia forward wait limit see holding jakarta holding jakarta impact ten million jakarta residents million jakarta residents bogor depok tangerang bekasi,Positif
ridwan kamil modal omong doang uang uang menutupi aib kasihan,"ridwan kamil is just talking about money, money covers up shame, pity",Negatif
nomor satu cerdas santai tenang,number one smart relaxed calm,Positif
ridwan kamil membereskan jawa barat,ridwan kamil cleans up west java,Netral
satu janji manis kaya jawa barat,one sweet promise rich west java,Positif
kamil,kamil,Netral
saja kaya ridwan kamil,just like ridwan kamil,Netral
ridwan kamil ya menang auranya,"ridwan kamil, his aura is winning",Positif
ridwan kamil lupa salah persatuan sepak bola indonesia jakarta fan,ridwan kamil forgot one of the indonesian football association jakarta fans,Netral
warga jawa barat muak muka orang sesuai omongannya gubernur jawa barat nyalon gubernur jakarta pilih orang jawa barat,"west java residents are fed up with people's faces according to their words, the governor of west java is running for governor of jakarta, choose a person from west java",Netral
saja kali muak ridwan kamil nyalon menang coba lihat cermin muak lihat muka,"if ridwan kamil is sick of winning the election, try looking in the mirror and get sick of seeing your face.",Negatif
kaca rumah abang bangga dipimpin ridwan kamil tertawa,the glass of the proud brother's house led by ridwan kamil laughed,Positif
laksanakan dharma pemimpin hebat bawahan sutradara bawahan globalisasi ujung-ujungnya rakyat tumbal pilih pemimpin patuh tuhan patuh uang sutradara pilih satu tiga mental takut uang nasib rakyat tumbal calon kebanggaan ilusi boneka sutradara patuh uang,carry out the dharma of a great leader subordinates director subordinates globalization in the end the people are sacrificed choose a leader obey god obey money director choose one three mentality fear money fate of the people sacrificed candidate pride illusion puppet director obey money,Positif
polymerase chain reaction test virus salah satu alat tes virus,polymerase chain reaction test virus one of the virus test tools,Netral
kerja laboratorium polymerase chain reaction test salah satu alat tes virus,polymerase chain reaction test laboratory work one of the virus test tools,Netral
nomor dua boneka kartu tanda penduduk masyarakat jakarta mencuri pilih mandiri kaya satu dua saja nomor tiga jakarta menyala,number two jakarta residents' identity card doll steals choose independent rich one or two only number three jakarta lights up,Positif
satu tiga,one three,Netral
pengalaman debat tuan kamil berpengalaman ketenangan kemampuan eksposisi linguistik beliau ragu,"mr. kamil's debate experience is experienced, his calm linguistic exposition skills are doubtful",Positif
pilih ridwan kamil nomor satu daerah khusus jakarta satu pemimpin hebat pengalaman mengurus kota menjabat gubernur jawa barat wilayahnya luas visi misi nya menarik muluk-muluk nyata realisasi nya lulusan arsitek beliau menata jakarta mendesak kerjakan,"choose ridwan kamil, number one in the special region of jakarta, a great leader with experience in managing a city, serving as governor of west java, his territory is broad, his vision and mission are interesting, ambitious, his realization is real, he is an architect graduate, he is organizing jakarta, he is urgently needed to do it",Positif
hebat dharma kamil meremehkan debat,great dharma kamil belittles debate,Positif
ridwan kamil berkelas,classy ridwan kamil,Positif
mengatasi problematika kemacetan satu kawasan pusat bisnis wilayah satu kantor saja isi karyawan nya daerah jakarta bogor depok tangerang bekasi dua adab antre mengubah menambah orang antre tuan kekurangan kuota transportasi tiga berfokus transjakarta saja transjabodetabek logis faktanya orang membawa kendaraan pribadi jakarta rata-rata jakarta fiks nomor tiga paham problematika jakarta,"overcome the problem of traffic jams in one central business district, one office only, fill it with employees, jakarta, bogor, depok, tangerang, bekasi, two, queuing manners, change, add people to the queue, sir, lack of transportation quota, three, focus on transjakarta only, transjabodetabek, logical, in fact, people bring private vehicles, jakarta, on average, jakarta is fixed, number three, understand the problems of jakarta",Positif
nomor satu gimmick ya seru sih cuman eksistensi debat sengit saja kelemahannya beliau diamanatkan partai aspirasi masyarakat dipedulikan konteks balas budi lumrah politik menggeneralisasi dinamis,"number one gimmick yes it's exciting but the existence of a fierce debate is the weakness, he was given the mandate by the party, the aspirations of the people were cared for, the context of gratitude was common, politics was generalizing dynamically",Netral
nomor satu tiga aktor belakangnya,number one three actors behind him,Negatif
ridwan kamil cerdas,ridwan kamil is smart,Positif
ridwan kamil mantap,ridwan kamil is great,Positif
kampanye pemilihan presiden satu coba pasangan calon pakai pemuja vaksin,presidential election campaign one try candidate pair use vaccine worshippers,Netral
ridwan kamil pemenang debat insyaallah pemenang gubernur jakarta amin,"ridwan kamil, the winner of the debate, god willing, will be the winner of the jakarta governor election, amen",Positif
menang ridwan kamil mimpi tertawa partai menang warga jakarta tipe gampang menyuap bantuan sosial,"ridwan kamil wins, dreams of laughing, winning party, jakarta residents, easy type to bribe social assistance",Positif
ridwan kamil sekeluarga memilih tertawa,ridwan kamil and his family chose to laugh,Positif
nomor tiga memimpin jakarta ketimbang nomor dua satu,number three leads jakarta than number two one,Netral
jawa barat ya tuan,"west java, sir",Netral
satu musuh jekmania,one enemy of jekmania,Netral
nomor satu kepala uang saja,number one money head only,Netral
ridwan kamil pembantu,ridwan kamil assistant,Netral
ridwan kamil kebanyakan gimmick,ridwan kamil is mostly a gimmick,Positif
ya ridwan kamil pengikutnya,yes ridwan kamil his followers,Netral
ridwan kamil mantap,ridwan kamil is great,Positif
ridwan kamil benaran wali kota benaran gubernur benaran insinyur,"ridwan kamil is a real mayor, a real governor, a real engineer",Positif
pilih nomor dua mandiri pilih satu tiga saja apa-apa susah mah,"choose number two independently choose one or three only, nothing is difficult",Negatif
jawa barat saja cekatan pindah jakarta,west java is agile enough to move to jakarta,Positif
semoga ridwan kamil lulus gubernur jakarta presiden republik indonesia,hopefully ridwan kamil passes the governor of jakarta president of the republic of indonesia,Netral
maaf tuan ridwan jawa barat saja dampak urus kartu tanda penduduk daerah cirebon saja susah,"sorry, mr. ridwan, west java alone, the impact of processing a resident identity card in the cirebon area is difficult",Negatif
ridwan kamil menang anies anak abah prabowo mendukung menang ridwan kamil kasih uang tujuh juta,"ridwan kamil wins, anies, prabowo's father's son supports ridwan kamil's victory, gives him seven million rupiah",Positif
bandung jawa barat pengaruhnya tuan taman kecantikannya merawat macet parah kerajinannya maket sketsa saja,"bandung west java, the influence of the master of the park, its beauty, its maintenance, its traffic jams, its crafts, its just a sketch model",Netral
nomor urut dua ber kekuatan ber niat calon gubernur jakarta bertugas memecahkan suara satu tiga,"number two has the power to intend to be a candidate for governor of jakarta, tasked with breaking the one to three vote gap",Netral
pasangan calon nomor satu bagus pasangan calon nomor tiga pemenang berantas judi daring perusak generasi saja,"candidate pair number one is good candidate pair number three is the winner, eradicate online gambling, it just destroys the generation",Positif
